"stateFIPS","State","countyFIPS","County","Year","Value","Data Comment","Gender"
"04","Arizona","04001","Apache","2018","2.8","","Male"
"04","Arizona","04001","Apache","2018","4.9","","Female"
"04","Arizona","04003","Cochise","2018","4.8","","Male"
"04","Arizona","04003","Cochise","2018","5.7","","Female"
"04","Arizona","04005","Coconino","2018","2.4","","Male"
"04","Arizona","04005","Coconino","2018","4.1","","Female"
"04","Arizona","04007","Gila","2018","4.4","","Male"
"04","Arizona","04007","Gila","2018","4.8","","Female"
"04","Arizona","04009","Graham","2018","4.2","","Male"
"04","Arizona","04009","Graham","2018","5.2","","Female"
"04","Arizona","04011","Greenlee","2018","3.8","","Male"
"04","Arizona","04011","Greenlee","2018","4.2","","Female"
"04","Arizona","04012","La Paz","2018","4.4","","Male"
"04","Arizona","04012","La Paz","2018","4.8","","Female"
"04","Arizona","04013","Maricopa","2018","4.4","","Male"
"04","Arizona","04013","Maricopa","2018","4.9","","Female"
"04","Arizona","04015","Mohave","2018","2.1","","Male"
"04","Arizona","04015","Mohave","2018","3.5","","Female"
"04","Arizona","04017","Navajo","2018","2.3","","Male"
"04","Arizona","04017","Navajo","2018","3.6","","Female"
"04","Arizona","04019","Pima","2018","4.5","","Male"
"04","Arizona","04019","Pima","2018","5.0","","Female"
"04","Arizona","04021","Pinal","2018","4.6","","Male"
"04","Arizona","04021","Pinal","2018","5.1","","Female"
"04","Arizona","04023","Santa Cruz","2018","4.9","","Male"
"04","Arizona","04023","Santa Cruz","2018","5.8","","Female"
"04","Arizona","04025","Yavapai","2018","4.4","","Male"
"04","Arizona","04025","Yavapai","2018","4.9","","Female"
"04","Arizona","04027","Yuma","2018","4.6","","Male"
"04","Arizona","04027","Yuma","2018","5.0","","Female"
"09","Connecticut","09001","Fairfield","2018","7.2","","Male"
"09","Connecticut","09001","Fairfield","2018","9.0","","Female"
"09","Connecticut","09003","Hartford","2018","6.0","","Male"
"09","Connecticut","09003","Hartford","2018","9.1","","Female"
"09","Connecticut","09005","Litchfield","2018","6.7","","Male"
"09","Connecticut","09005","Litchfield","2018","9.4","","Female"
"09","Connecticut","09007","Middlesex","2018","6.6","","Male"
"09","Connecticut","09007","Middlesex","2018","8.9","","Female"
"09","Connecticut","09009","New Haven","2018","6.4","","Male"
"09","Connecticut","09009","New Haven","2018","8.4","","Female"
"09","Connecticut","09011","New London","2018","5.4","","Male"
"09","Connecticut","09011","New London","2018","7.5","","Female"
"09","Connecticut","09013","Tolland","2018","5.1","","Male"
"09","Connecticut","09013","Tolland","2018","8.4","","Female"
"09","Connecticut","09015","Windham","2018","4.4","","Male"
"09","Connecticut","09015","Windham","2018","7.6","","Female"
"12","Florida","12001","Alachua","2018","7.1","","Male"
"12","Florida","12001","Alachua","2018","8.4","","Female"
"12","Florida","12003","Baker","2018","6.8","","Male"
"12","Florida","12003","Baker","2018","9.8","","Female"
"12","Florida","12005","Bay","2018","3.3","","Male"
"12","Florida","12005","Bay","2018","5.1","","Female"
"12","Florida","12007","Bradford","2018","6.7","","Male"
"12","Florida","12007","Bradford","2018","8.7","","Female"
"12","Florida","12009","Brevard","2018","5.6","","Male"
"12","Florida","12009","Brevard","2018","9.3","","Female"
"12","Florida","12011","Broward","2018","6.1","","Male"
"12","Florida","12011","Broward","2018","7.7","","Female"
"12","Florida","12013","Calhoun","2018","4.1","","Male"
"12","Florida","12013","Calhoun","2018","5.8","","Female"
"12","Florida","12015","Charlotte","2018","4.7","","Male"
"12","Florida","12015","Charlotte","2018","5.8","","Female"
"12","Florida","12017","Citrus","2018","4.9","","Male"
"12","Florida","12017","Citrus","2018","6.6","","Female"
"12","Florida","12019","Clay","2018","6.4","","Male"
"12","Florida","12019","Clay","2018","8.8","","Female"
"12","Florida","12021","Collier","2018","5.8","","Male"
"12","Florida","12021","Collier","2018","7.2","","Female"
"12","Florida","12023","Columbia","2018","7.4","","Male"
"12","Florida","12023","Columbia","2018","10.5","","Female"
"12","Florida","12027","DeSoto","2018","2.9","","Male"
"12","Florida","12027","DeSoto","2018","4.5","","Female"
"12","Florida","12029","Dixie","2018","4.7","","Male"
"12","Florida","12029","Dixie","2018","8.1","","Female"
"12","Florida","12031","Duval","2018","6.3","","Male"
"12","Florida","12031","Duval","2018","8.7","","Female"
"12","Florida","12033","Escambia","2018","4.9","","Male"
"12","Florida","12033","Escambia","2018","6.5","","Female"
"12","Florida","12035","Flagler","2018","4.3","","Male"
"12","Florida","12035","Flagler","2018","6.6","","Female"
"12","Florida","12037","Franklin","2018","3.1","Unstable","Male"
"12","Florida","12037","Franklin","2018","4.1","","Female"
"12","Florida","12039","Gadsden","2018","5.0","","Male"
"12","Florida","12039","Gadsden","2018","6.7","","Female"
"12","Florida","12041","Gilchrist","2018","7.9","","Male"
"12","Florida","12041","Gilchrist","2018","10.2","","Female"
"12","Florida","12043","Glades","2018","6.4","","Male"
"12","Florida","12043","Glades","2018","8.0","","Female"
"12","Florida","12045","Gulf","2018","3.7","","Male"
"12","Florida","12045","Gulf","2018","5.4","","Female"
"12","Florida","12047","Hamilton","2018","5.0","","Male"
"12","Florida","12047","Hamilton","2018","10.0","","Female"
"12","Florida","12049","Hardee","2018","5.6","","Male"
"12","Florida","12049","Hardee","2018","9.0","","Female"
"12","Florida","12051","Hendry","2018","6.4","","Male"
"12","Florida","12051","Hendry","2018","7.7","","Female"
"12","Florida","12053","Hernando","2018","4.0","","Male"
"12","Florida","12053","Hernando","2018","6.7","","Female"
"12","Florida","12055","Highlands","2018","6.5","","Male"
"12","Florida","12055","Highlands","2018","11.6","","Female"
"12","Florida","12057","Hillsborough","2018","5.3","","Male"
"12","Florida","12057","Hillsborough","2018","8.3","","Female"
"12","Florida","12059","Holmes","2018","2.5","","Male"
"12","Florida","12059","Holmes","2018","3.8","","Female"
"12","Florida","12061","Indian River","2018","5.4","","Male"
"12","Florida","12061","Indian River","2018","9.3","","Female"
"12","Florida","12063","Jackson","2018","3.8","","Male"
"12","Florida","12063","Jackson","2018","5.5","","Female"
"12","Florida","12065","Jefferson","2018","4.9","","Male"
"12","Florida","12065","Jefferson","2018","6.7","","Female"
"12","Florida","12067","Lafayette","2018","4.1","","Male"
"12","Florida","12067","Lafayette","2018","6.0","","Female"
"12","Florida","12069","Lake","2018","6.0","","Male"
"12","Florida","12069","Lake","2018","9.7","","Female"
"12","Florida","12071","Lee","2018","5.1","","Male"
"12","Florida","12071","Lee","2018","5.6","","Female"
"12","Florida","12073","Leon","2018","4.9","","Male"
"12","Florida","12073","Leon","2018","7.0","","Female"
"12","Florida","12075","Levy","2018","6.7","","Male"
"12","Florida","12075","Levy","2018","7.4","","Female"
"12","Florida","12077","Liberty","2018","4.6","","Male"
"12","Florida","12077","Liberty","2018","6.5","","Female"
"12","Florida","12079","Madison","2018","3.6","","Male"
"12","Florida","12079","Madison","2018","7.6","","Female"
"12","Florida","12081","Manatee","2018","5.3","","Male"
"12","Florida","12081","Manatee","2018","8.3","","Female"
"12","Florida","12083","Marion","2018","5.5","","Male"
"12","Florida","12083","Marion","2018","7.4","","Female"
"12","Florida","12085","Martin","2018","6.7","","Male"
"12","Florida","12085","Martin","2018","9.0","","Female"
"12","Florida","12086","Miami-Dade","2018","5.7","","Male"
"12","Florida","12086","Miami-Dade","2018","7.3","","Female"
"12","Florida","12087","Monroe","2018","5.1","","Male"
"12","Florida","12087","Monroe","2018","6.6","","Female"
"12","Florida","12089","Nassau","2018","7.4","","Male"
"12","Florida","12089","Nassau","2018","10.3","","Female"
"12","Florida","12091","Okaloosa","2018","2.5","","Male"
"12","Florida","12091","Okaloosa","2018","5.1","","Female"
"12","Florida","12093","Okeechobee","2018","6.8","","Male"
"12","Florida","12093","Okeechobee","2018","10.2","","Female"
"12","Florida","12095","Orange","2018","5.8","","Male"
"12","Florida","12095","Orange","2018","9.6","","Female"
"12","Florida","12097","Osceola","2018","6.0","","Male"
"12","Florida","12097","Osceola","2018","10.0","","Female"
"12","Florida","12099","Palm Beach","2018","6.8","","Male"
"12","Florida","12099","Palm Beach","2018","8.5","","Female"
"12","Florida","12101","Pasco","2018","5.4","","Male"
"12","Florida","12101","Pasco","2018","8.6","","Female"
"12","Florida","12103","Pinellas","2018","5.2","","Male"
"12","Florida","12103","Pinellas","2018","8.0","","Female"
"12","Florida","12105","Polk","2018","5.9","","Male"
"12","Florida","12105","Polk","2018","9.5","","Female"
"12","Florida","12107","Putnam","2018","5.5","","Male"
"12","Florida","12107","Putnam","2018","7.1","","Female"
"12","Florida","12113","Santa Rosa","2018","4.2","","Male"
"12","Florida","12113","Santa Rosa","2018","6.3","","Female"
"12","Florida","12115","Sarasota","2018","2.9","","Male"
"12","Florida","12115","Sarasota","2018","4.0","","Female"
"12","Florida","12117","Seminole","2018","5.2","","Male"
"12","Florida","12117","Seminole","2018","8.4","","Female"
"12","Florida","12109","St. Johns","2018","6.3","","Male"
"12","Florida","12109","St. Johns","2018","8.5","","Female"
"12","Florida","12111","St. Lucie","2018","4.5","","Male"
"12","Florida","12111","St. Lucie","2018","7.8","","Female"
"12","Florida","12119","Sumter","2018","5.3","","Male"
"12","Florida","12119","Sumter","2018","8.1","","Female"
"12","Florida","12121","Suwannee","2018","4.9","","Male"
"12","Florida","12121","Suwannee","2018","8.8","","Female"
"12","Florida","12123","Taylor","2018","4.9","","Male"
"12","Florida","12123","Taylor","2018","6.6","","Female"
"12","Florida","12125","Union","2018","8.2","","Male"
"12","Florida","12125","Union","2018","11.2","","Female"
"12","Florida","12127","Volusia","2018","5.2","","Male"
"12","Florida","12127","Volusia","2018","8.1","","Female"
"12","Florida","12129","Wakulla","2018","4.6","","Male"
"12","Florida","12129","Wakulla","2018","6.5","","Female"
"12","Florida","12131","Walton","2018","2.8","","Male"
"12","Florida","12131","Walton","2018","5.5","","Female"
"12","Florida","12133","Washington","2018","3.1","","Male"
"12","Florida","12133","Washington","2018","4.9","","Female"
"34","New Jersey","34001","Atlantic","2018","8.2","","Male"
"34","New Jersey","34001","Atlantic","2018","11.1","","Female"
"34","New Jersey","34003","Bergen","2018","12.2","","Male"
"34","New Jersey","34003","Bergen","2018","15.8","","Female"
"34","New Jersey","34005","Burlington","2018","7.7","","Male"
"34","New Jersey","34005","Burlington","2018","9.9","","Female"
"34","New Jersey","34007","Camden","2018","10.2","","Male"
"34","New Jersey","34007","Camden","2018","12.4","","Female"
"34","New Jersey","34009","Cape May","2018","10.7","","Male"
"34","New Jersey","34009","Cape May","2018","13.5","","Female"
"34","New Jersey","34011","Cumberland","2018","8.8","","Male"
"34","New Jersey","34011","Cumberland","2018","11.3","","Female"
"34","New Jersey","34013","Essex","2018","6.5","","Male"
"34","New Jersey","34013","Essex","2018","8.5","","Female"
"34","New Jersey","34015","Gloucester","2018","10.5","","Male"
"34","New Jersey","34015","Gloucester","2018","13.5","","Female"
"34","New Jersey","34017","Hudson","2018","9.2","","Male"
"34","New Jersey","34017","Hudson","2018","11.5","","Female"
"34","New Jersey","34019","Hunterdon","2018","4.0","","Male"
"34","New Jersey","34019","Hunterdon","2018","5.5","","Female"
"34","New Jersey","34021","Mercer","2018","5.8","","Male"
"34","New Jersey","34021","Mercer","2018","7.9","","Female"
"34","New Jersey","34023","Middlesex","2018","6.0","","Male"
"34","New Jersey","34023","Middlesex","2018","8.3","","Female"
"34","New Jersey","34025","Monmouth","2018","7.5","","Male"
"34","New Jersey","34025","Monmouth","2018","9.5","","Female"
"34","New Jersey","34027","Morris","2018","6.9","","Male"
"34","New Jersey","34027","Morris","2018","8.6","","Female"
"34","New Jersey","34029","Ocean","2018","6.7","","Male"
"34","New Jersey","34029","Ocean","2018","8.6","","Female"
"34","New Jersey","34031","Passaic","2018","6.2","","Male"
"34","New Jersey","34031","Passaic","2018","8.2","","Female"
"34","New Jersey","34033","Salem","2018","7.3","","Male"
"34","New Jersey","34033","Salem","2018","11.1","","Female"
"34","New Jersey","34035","Somerset","2018","4.8","","Male"
"34","New Jersey","34035","Somerset","2018","6.8","","Female"
"34","New Jersey","34037","Sussex","2018","5.6","","Male"
"34","New Jersey","34037","Sussex","2018","7.1","","Female"
"34","New Jersey","34039","Union","2018","6.7","","Male"
"34","New Jersey","34039","Union","2018","9.3","","Female"
"34","New Jersey","34041","Warren","2018","3.1","","Male"
"34","New Jersey","34041","Warren","2018","3.9","","Female"
"35","New Mexico","35001","Bernalillo","2018","5.2","","Male"
"35","New Mexico","35001","Bernalillo","2018","4.8","","Female"
"35","New Mexico","35003","Catron","2018","3.4","","Male"
"35","New Mexico","35003","Catron","2018","3.9","","Female"
"35","New Mexico","35005","Chaves","2018","6.6","","Male"
"35","New Mexico","35005","Chaves","2018","6.5","","Female"
"35","New Mexico","35006","Cibola","2018","5.0","","Male"
"35","New Mexico","35006","Cibola","2018","4.5","","Female"
"35","New Mexico","35007","Colfax","2018","Suppressed","Unstable","Male"
"35","New Mexico","35007","Colfax","2018","4.2","Unstable","Female"
"35","New Mexico","35009","Curry","2018","7.8","","Male"
"35","New Mexico","35009","Curry","2018","5.9","","Female"
"35","New Mexico","35011","De Baca","2018","11.2","","Male"
"35","New Mexico","35011","De Baca","2018","11.9","","Female"
"35","New Mexico","35013","Dona Ana","2018","3.8","","Male"
"35","New Mexico","35013","Dona Ana","2018","4.7","","Female"
"35","New Mexico","35015","Eddy","2018","7.0","","Male"
"35","New Mexico","35015","Eddy","2018","6.6","","Female"
"35","New Mexico","35017","Grant","2018","2.8","Unstable","Male"
"35","New Mexico","35017","Grant","2018","4.3","","Female"
"35","New Mexico","35019","Guadalupe","2018","3.1","Unstable","Male"
"35","New Mexico","35019","Guadalupe","2018","6.8","","Female"
"35","New Mexico","35021","Harding","2018","2.5","Unstable","Male"
"35","New Mexico","35021","Harding","2018","5.1","","Female"
"35","New Mexico","35023","Hidalgo","2018","4.9","","Male"
"35","New Mexico","35023","Hidalgo","2018","5.5","","Female"
"35","New Mexico","35025","Lea","2018","8.3","","Male"
"35","New Mexico","35025","Lea","2018","7.8","","Female"
"35","New Mexico","35027","Lincoln","2018","7.9","","Male"
"35","New Mexico","35027","Lincoln","2018","8.2","","Female"
"35","New Mexico","35028","Los Alamos","2018","4.2","","Male"
"35","New Mexico","35028","Los Alamos","2018","4.6","","Female"
"35","New Mexico","35029","Luna","2018","4.3","","Male"
"35","New Mexico","35029","Luna","2018","5.3","","Female"
"35","New Mexico","35031","McKinley","2018","3.5","","Male"
"35","New Mexico","35031","McKinley","2018","5.3","","Female"
"35","New Mexico","35033","Mora","2018","3.7","","Male"
"35","New Mexico","35033","Mora","2018","4.9","","Female"
"35","New Mexico","35035","Otero","2018","5.8","","Male"
"35","New Mexico","35035","Otero","2018","6.4","","Female"
"35","New Mexico","35037","Quay","2018","6.6","","Male"
"35","New Mexico","35037","Quay","2018","5.9","","Female"
"35","New Mexico","35039","Rio Arriba","2018","3.7","","Male"
"35","New Mexico","35039","Rio Arriba","2018","5.8","","Female"
"35","New Mexico","35041","Roosevelt","2018","9.6","","Male"
"35","New Mexico","35041","Roosevelt","2018","8.0","","Female"
"35","New Mexico","35045","San Juan","2018","3.4","","Male"
"35","New Mexico","35045","San Juan","2018","5.4","","Female"
"35","New Mexico","35047","San Miguel","2018","3.9","","Male"
"35","New Mexico","35047","San Miguel","2018","4.8","","Female"
"35","New Mexico","35043","Sandoval","2018","4.5","","Male"
"35","New Mexico","35043","Sandoval","2018","5.0","","Female"
"35","New Mexico","35049","Santa Fe","2018","4.9","","Male"
"35","New Mexico","35049","Santa Fe","2018","4.8","","Female"
"35","New Mexico","35051","Sierra","2018","3.8","","Male"
"35","New Mexico","35051","Sierra","2018","4.7","","Female"
"35","New Mexico","35053","Socorro","2018","5.6","","Male"
"35","New Mexico","35053","Socorro","2018","5.9","","Female"
"35","New Mexico","35055","Taos","2018","2.8","Unstable","Male"
"35","New Mexico","35055","Taos","2018","5.5","","Female"
"35","New Mexico","35057","Torrance","2018","5.2","","Male"
"35","New Mexico","35057","Torrance","2018","4.9","","Female"
"35","New Mexico","35059","Union","2018","0.0","","Male"
"35","New Mexico","35059","Union","2018","Suppressed","Unstable","Female"
"35","New Mexico","35061","Valencia","2018","5.5","","Male"
"35","New Mexico","35061","Valencia","2018","5.0","","Female"
"36","New York","36001","Albany","2018","4.6","","Male"
"36","New York","36001","Albany","2018","6.1","","Female"
"36","New York","36003","Allegany","2018","2.1","","Male"
"36","New York","36003","Allegany","2018","3.3","","Female"
"36","New York","36005","Bronx","2018","12.0","","Male"
"36","New York","36005","Bronx","2018","14.7","","Female"
"36","New York","36007","Broome","2018","5.0","","Male"
"36","New York","36007","Broome","2018","6.0","","Female"
"36","New York","36009","Cattaraugus","2018","6.2","","Male"
"36","New York","36009","Cattaraugus","2018","7.7","","Female"
"36","New York","36011","Cayuga","2018","5.1","","Male"
"36","New York","36011","Cayuga","2018","5.9","","Female"
"36","New York","36013","Chautauqua","2018","6.5","","Male"
"36","New York","36013","Chautauqua","2018","8.0","","Female"
"36","New York","36015","Chemung","2018","2.2","","Male"
"36","New York","36015","Chemung","2018","4.5","","Female"
"36","New York","36017","Chenango","2018","4.8","","Male"
"36","New York","36017","Chenango","2018","5.4","","Female"
"36","New York","36019","Clinton","2018","1.2","Unstable","Male"
"36","New York","36019","Clinton","2018","2.3","","Female"
"36","New York","36021","Columbia","2018","6.4","","Male"
"36","New York","36021","Columbia","2018","8.2","","Female"
"36","New York","36023","Cortland","2018","5.5","","Male"
"36","New York","36023","Cortland","2018","6.0","","Female"
"36","New York","36025","Delaware","2018","5.6","","Male"
"36","New York","36025","Delaware","2018","5.5","","Female"
"36","New York","36027","Dutchess","2018","5.5","","Male"
"36","New York","36027","Dutchess","2018","7.5","","Female"
"36","New York","36029","Erie","2018","6.0","","Male"
"36","New York","36029","Erie","2018","7.4","","Female"
"36","New York","36031","Essex","2018","2.8","","Male"
"36","New York","36031","Essex","2018","4.9","","Female"
"36","New York","36033","Franklin","2018","1.9","","Male"
"36","New York","36033","Franklin","2018","3.0","","Female"
"36","New York","36035","Fulton","2018","2.5","","Male"
"36","New York","36035","Fulton","2018","3.6","","Female"
"36","New York","36037","Genesee","2018","5.9","","Male"
"36","New York","36037","Genesee","2018","8.0","","Female"
"36","New York","36039","Greene","2018","5.7","","Male"
"36","New York","36039","Greene","2018","6.6","","Female"
"36","New York","36041","Hamilton","2018","2.5","","Male"
"36","New York","36041","Hamilton","2018","3.9","","Female"
"36","New York","36043","Herkimer","2018","4.0","","Male"
"36","New York","36043","Herkimer","2018","4.8","","Female"
"36","New York","36045","Jefferson","2018","3.5","","Male"
"36","New York","36045","Jefferson","2018","5.3","","Female"
"36","New York","36047","Kings","2018","10.2","","Male"
"36","New York","36047","Kings","2018","12.2","","Female"
"36","New York","36049","Lewis","2018","4.0","","Male"
"36","New York","36049","Lewis","2018","5.5","","Female"
"36","New York","36051","Livingston","2018","4.0","","Male"
"36","New York","36051","Livingston","2018","7.0","","Female"
"36","New York","36053","Madison","2018","5.7","","Male"
"36","New York","36053","Madison","2018","6.0","","Female"
"36","New York","36055","Monroe","2018","4.2","","Male"
"36","New York","36055","Monroe","2018","7.2","","Female"
"36","New York","36057","Montgomery","2018","3.5","","Male"
"36","New York","36057","Montgomery","2018","4.7","","Female"
"36","New York","36059","Nassau","2018","11.4","","Male"
"36","New York","36059","Nassau","2018","14.1","","Female"
"36","New York","36061","New York","2018","12.4","","Male"
"36","New York","36061","New York","2018","15.5","","Female"
"36","New York","36063","Niagara","2018","6.6","","Male"
"36","New York","36063","Niagara","2018","8.0","","Female"
"36","New York","36065","Oneida","2018","4.1","","Male"
"36","New York","36065","Oneida","2018","5.1","","Female"
"36","New York","36067","Onondaga","2018","5.9","","Male"
"36","New York","36067","Onondaga","2018","6.2","","Female"
"36","New York","36069","Ontario","2018","4.0","","Male"
"36","New York","36069","Ontario","2018","7.1","","Female"
"36","New York","36071","Orange","2018","6.6","","Male"
"36","New York","36071","Orange","2018","8.4","","Female"
"36","New York","36073","Orleans","2018","5.0","","Male"
"36","New York","36073","Orleans","2018","7.8","","Female"
"36","New York","36075","Oswego","2018","5.2","","Male"
"36","New York","36075","Oswego","2018","6.3","","Female"
"36","New York","36077","Otsego","2018","3.9","","Male"
"36","New York","36077","Otsego","2018","4.6","","Female"
"36","New York","36079","Putnam","2018","6.3","","Male"
"36","New York","36079","Putnam","2018","8.3","","Female"
"36","New York","36081","Queens","2018","12.5","","Male"
"36","New York","36081","Queens","2018","15.4","","Female"
"36","New York","36083","Rensselaer","2018","4.5","","Male"
"36","New York","36083","Rensselaer","2018","6.1","","Female"
"36","New York","36085","Richmond","2018","8.8","","Male"
"36","New York","36085","Richmond","2018","10.9","","Female"
"36","New York","36087","Rockland","2018","5.8","","Male"
"36","New York","36087","Rockland","2018","7.8","","Female"
"36","New York","36091","Saratoga","2018","4.5","","Male"
"36","New York","36091","Saratoga","2018","6.2","","Female"
"36","New York","36093","Schenectady","2018","4.8","","Male"
"36","New York","36093","Schenectady","2018","6.1","","Female"
"36","New York","36095","Schoharie","2018","5.8","","Male"
"36","New York","36095","Schoharie","2018","6.5","","Female"
"36","New York","36097","Schuyler","2018","2.1","","Male"
"36","New York","36097","Schuyler","2018","4.3","","Female"
"36","New York","36099","Seneca","2018","1.9","","Male"
"36","New York","36099","Seneca","2018","3.8","","Female"
"36","New York","36089","St. Lawrence","2018","3.2","","Male"
"36","New York","36089","St. Lawrence","2018","4.7","","Female"
"36","New York","36101","Steuben","2018","2.1","","Male"
"36","New York","36101","Steuben","2018","4.2","","Female"
"36","New York","36103","Suffolk","2018","7.0","","Male"
"36","New York","36103","Suffolk","2018","8.6","","Female"
"36","New York","36105","Sullivan","2018","5.1","","Male"
"36","New York","36105","Sullivan","2018","6.7","","Female"
"36","New York","36107","Tioga","2018","4.7","","Male"
"36","New York","36107","Tioga","2018","5.8","","Female"
"36","New York","36109","Tompkins","2018","2.9","","Male"
"36","New York","36109","Tompkins","2018","4.6","","Female"
"36","New York","36111","Ulster","2018","5.8","","Male"
"36","New York","36111","Ulster","2018","8.0","","Female"
"36","New York","36113","Warren","2018","2.5","","Male"
"36","New York","36113","Warren","2018","4.8","","Female"
"36","New York","36115","Washington","2018","2.7","","Male"
"36","New York","36115","Washington","2018","4.9","","Female"
"36","New York","36117","Wayne","2018","4.3","","Male"
"36","New York","36117","Wayne","2018","7.5","","Female"
"36","New York","36119","Westchester","2018","11.6","","Male"
"36","New York","36119","Westchester","2018","15.2","","Female"
"36","New York","36121","Wyoming","2018","6.2","","Male"
"36","New York","36121","Wyoming","2018","7.5","","Female"
"36","New York","36123","Yates","2018","1.4","","Male"
"36","New York","36123","Yates","2018","3.7","","Female"
"41","Oregon","41001","Baker","2018","1.5","Unstable","Male"
"41","Oregon","41001","Baker","2018","2.8","Unstable","Female"
"41","Oregon","41003","Benton","2018","2.0","","Male"
"41","Oregon","41003","Benton","2018","2.7","","Female"
"41","Oregon","41005","Clackamas","2018","2.5","","Male"
"41","Oregon","41005","Clackamas","2018","3.1","","Female"
"41","Oregon","41007","Clatsop","2018","2.0","","Male"
"41","Oregon","41007","Clatsop","2018","3.1","","Female"
"41","Oregon","41009","Columbia","2018","2.6","","Male"
"41","Oregon","41009","Columbia","2018","3.5","","Female"
"41","Oregon","41011","Coos","2018","1.9","","Male"
"41","Oregon","41011","Coos","2018","4.3","","Female"
"41","Oregon","41013","Crook","2018","4.3","","Male"
"41","Oregon","41013","Crook","2018","3.7","","Female"
"41","Oregon","41015","Curry","2018","2.6","","Male"
"41","Oregon","41015","Curry","2018","4.9","","Female"
"41","Oregon","41017","Deschutes","2018","3.2","","Male"
"41","Oregon","41017","Deschutes","2018","3.5","","Female"
"41","Oregon","41019","Douglas","2018","2.9","","Male"
"41","Oregon","41019","Douglas","2018","4.0","","Female"
"41","Oregon","41021","Gilliam","2018","Suppressed","Unstable","Male"
"41","Oregon","41021","Gilliam","2018","Suppressed","Unstable","Female"
"41","Oregon","41023","Grant","2018","1.6","","Male"
"41","Oregon","41023","Grant","2018","1.9","","Female"
"41","Oregon","41025","Harney","2018","4.4","","Male"
"41","Oregon","41025","Harney","2018","3.0","","Female"
"41","Oregon","41027","Hood River","2018","3.0","","Male"
"41","Oregon","41027","Hood River","2018","3.3","","Female"
"41","Oregon","41029","Jackson","2018","3.3","","Male"
"41","Oregon","41029","Jackson","2018","4.3","","Female"
"41","Oregon","41031","Jefferson","2018","2.9","","Male"
"41","Oregon","41031","Jefferson","2018","3.1","","Female"
"41","Oregon","41033","Josephine","2018","3.0","","Male"
"41","Oregon","41033","Josephine","2018","3.9","","Female"
"41","Oregon","41035","Klamath","2018","3.3","","Male"
"41","Oregon","41035","Klamath","2018","3.5","","Female"
"41","Oregon","41037","Lake","2018","4.9","","Male"
"41","Oregon","41037","Lake","2018","3.9","","Female"
"41","Oregon","41039","Lane","2018","2.8","","Male"
"41","Oregon","41039","Lane","2018","3.1","","Female"
"41","Oregon","41041","Lincoln","2018","2.3","","Male"
"41","Oregon","41041","Lincoln","2018","2.8","","Female"
"41","Oregon","41043","Linn","2018","2.7","","Male"
"41","Oregon","41043","Linn","2018","3.0","","Female"
"41","Oregon","41045","Malheur","2018","1.8","Unstable","Male"
"41","Oregon","41045","Malheur","2018","2.9","Unstable","Female"
"41","Oregon","41047","Marion","2018","2.4","","Male"
"41","Oregon","41047","Marion","2018","2.9","","Female"
"41","Oregon","41049","Morrow","2018","1.2","Unstable","Male"
"41","Oregon","41049","Morrow","2018","1.3","Unstable","Female"
"41","Oregon","41051","Multnomah","2018","2.6","","Male"
"41","Oregon","41051","Multnomah","2018","3.2","","Female"
"41","Oregon","41053","Polk","2018","2.1","","Male"
"41","Oregon","41053","Polk","2018","2.6","","Female"
"41","Oregon","41055","Sherman","2018","Suppressed","Unstable","Male"
"41","Oregon","41055","Sherman","2018","Suppressed","Unstable","Female"
"41","Oregon","41057","Tillamook","2018","2.0","","Male"
"41","Oregon","41057","Tillamook","2018","3.0","","Female"
"41","Oregon","41059","Umatilla","2018","1.1","Unstable","Male"
"41","Oregon","41059","Umatilla","2018","1.7","Unstable","Female"
"41","Oregon","41061","Union","2018","1.2","Unstable","Male"
"41","Oregon","41061","Union","2018","2.0","","Female"
"41","Oregon","41063","Wallowa","2018","1.3","Unstable","Male"
"41","Oregon","41063","Wallowa","2018","1.9","Unstable","Female"
"41","Oregon","41065","Wasco","2018","2.5","","Male"
"41","Oregon","41065","Wasco","2018","2.9","","Female"
"41","Oregon","41067","Washington","2018","2.6","","Male"
"41","Oregon","41067","Washington","2018","3.3","","Female"
"41","Oregon","41069","Wheeler","2018","1.5","Unstable","Male"
"41","Oregon","41069","Wheeler","2018","4.6","","Female"
"41","Oregon","41071","Yamhill","2018","2.2","","Male"
"41","Oregon","41071","Yamhill","2018","2.7","","Female"
"44","Rhode Island","44001","Bristol","2018","5.1","","Male"
"44","Rhode Island","44001","Bristol","2018","7.7","","Female"
"44","Rhode Island","44003","Kent","2018","4.5","","Male"
"44","Rhode Island","44003","Kent","2018","7.0","","Female"
"44","Rhode Island","44005","Newport","2018","3.0","","Male"
"44","Rhode Island","44005","Newport","2018","4.2","","Female"
"44","Rhode Island","44007","Providence","2018","5.0","","Male"
"44","Rhode Island","44007","Providence","2018","8.0","","Female"
"44","Rhode Island","44009","Washington","2018","5.6","","Male"
"44","Rhode Island","44009","Washington","2018","6.9","","Female"
"49","Utah","49001","Beaver","2018","2.3","","Male"
"49","Utah","49001","Beaver","2018","2.3","Unstable","Female"
"49","Utah","49003","Box Elder","2018","1.8","","Male"
"49","Utah","49003","Box Elder","2018","2.1","","Female"
"49","Utah","49005","Cache","2018","1.8","","Male"
"49","Utah","49005","Cache","2018","1.7","","Female"
"49","Utah","49007","Carbon","2018","1.7","","Male"
"49","Utah","49007","Carbon","2018","2.8","","Female"
"49","Utah","49009","Daggett","2018","2.3","","Male"
"49","Utah","49009","Daggett","2018","4.7","","Female"
"49","Utah","49011","Davis","2018","2.5","","Male"
"49","Utah","49011","Davis","2018","2.8","","Female"
"49","Utah","49013","Duchesne","2018","1.7","","Male"
"49","Utah","49013","Duchesne","2018","2.7","","Female"
"49","Utah","49015","Emery","2018","2.6","","Male"
"49","Utah","49015","Emery","2018","4.2","","Female"
"49","Utah","49017","Garfield","2018","Suppressed","Unstable","Male"
"49","Utah","49017","Garfield","2018","2.3","","Female"
"49","Utah","49019","Grand","2018","2.9","","Male"
"49","Utah","49019","Grand","2018","4.9","","Female"
"49","Utah","49021","Iron","2018","1.4","","Male"
"49","Utah","49021","Iron","2018","1.9","","Female"
"49","Utah","49023","Juab","2018","1.7","","Male"
"49","Utah","49023","Juab","2018","2.7","","Female"
"49","Utah","49025","Kane","2018","1.7","","Male"
"49","Utah","49025","Kane","2018","3.1","","Female"
"49","Utah","49027","Millard","2018","2.8","","Male"
"49","Utah","49027","Millard","2018","2.8","Unstable","Female"
"49","Utah","49029","Morgan","2018","2.5","","Male"
"49","Utah","49029","Morgan","2018","2.8","","Female"
"49","Utah","49031","Piute","2018","4.7","Unstable","Male"
"49","Utah","49031","Piute","2018","Suppressed","Unstable","Female"
"49","Utah","49033","Rich","2018","1.8","","Male"
"49","Utah","49033","Rich","2018","1.8","","Female"
"49","Utah","49035","Salt Lake","2018","2.3","","Male"
"49","Utah","49035","Salt Lake","2018","2.7","","Female"
"49","Utah","49037","San Juan","2018","2.4","","Male"
"49","Utah","49037","San Juan","2018","5.0","","Female"
"49","Utah","49039","Sanpete","2018","1.6","","Male"
"49","Utah","49039","Sanpete","2018","2.5","","Female"
"49","Utah","49041","Sevier","2018","2.8","","Male"
"49","Utah","49041","Sevier","2018","2.6","Unstable","Female"
"49","Utah","49043","Summit","2018","2.8","","Male"
"49","Utah","49043","Summit","2018","3.0","","Female"
"49","Utah","49045","Tooele","2018","2.3","","Male"
"49","Utah","49045","Tooele","2018","2.7","","Female"
"49","Utah","49047","Uintah","2018","2.0","Unstable","Male"
"49","Utah","49047","Uintah","2018","4.0","","Female"
"49","Utah","49049","Utah","2018","2.4","","Male"
"49","Utah","49049","Utah","2018","2.8","","Female"
"49","Utah","49051","Wasatch","2018","2.4","","Male"
"49","Utah","49051","Wasatch","2018","2.7","","Female"
"49","Utah","49053","Washington","2018","1.6","","Male"
"49","Utah","49053","Washington","2018","3.2","","Female"
"49","Utah","49055","Wayne","2018","2.5","Unstable","Male"
"49","Utah","49055","Wayne","2018","3.0","Unstable","Female"
"49","Utah","49057","Weber","2018","1.8","","Male"
"49","Utah","49057","Weber","2018","2.1","","Female"
"55","Wisconsin","55001","Adams","2018","1.7","","Male"
"55","Wisconsin","55001","Adams","2018","3.2","","Female"
"55","Wisconsin","55003","Ashland","2018","3.0","Unstable","Male"
"55","Wisconsin","55003","Ashland","2018","3.4","Unstable","Female"
"55","Wisconsin","55005","Barron","2018","1.1","","Male"
"55","Wisconsin","55005","Barron","2018","3.8","","Female"
"55","Wisconsin","55007","Bayfield","2018","2.4","Unstable","Male"
"55","Wisconsin","55007","Bayfield","2018","5.1","","Female"
"55","Wisconsin","55009","Brown","2018","2.0","","Male"
"55","Wisconsin","55009","Brown","2018","2.9","","Female"
"55","Wisconsin","55011","Buffalo","2018","4.1","","Male"
"55","Wisconsin","55011","Buffalo","2018","4.2","","Female"
"55","Wisconsin","55013","Burnett","2018","1.1","Unstable","Male"
"55","Wisconsin","55013","Burnett","2018","4.6","","Female"
"55","Wisconsin","55015","Calumet","2018","1.8","","Male"
"55","Wisconsin","55015","Calumet","2018","2.8","","Female"
"55","Wisconsin","55017","Chippewa","2018","2.5","","Male"
"55","Wisconsin","55017","Chippewa","2018","4.1","","Female"
"55","Wisconsin","55019","Clark","2018","2.5","","Male"
"55","Wisconsin","55019","Clark","2018","4.5","","Female"
"55","Wisconsin","55021","Columbia","2018","2.4","","Male"
"55","Wisconsin","55021","Columbia","2018","4.5","","Female"
"55","Wisconsin","55023","Crawford","2018","2.3","","Male"
"55","Wisconsin","55023","Crawford","2018","2.7","","Female"
"55","Wisconsin","55025","Dane","2018","2.7","","Male"
"55","Wisconsin","55025","Dane","2018","4.6","","Female"
"55","Wisconsin","55027","Dodge","2018","2.1","","Male"
"55","Wisconsin","55027","Dodge","2018","3.6","","Female"
"55","Wisconsin","55029","Door","2018","2.5","","Male"
"55","Wisconsin","55029","Door","2018","4.0","","Female"
"55","Wisconsin","55031","Douglas","2018","2.2","Unstable","Male"
"55","Wisconsin","55031","Douglas","2018","4.3","","Female"
"55","Wisconsin","55033","Dunn","2018","2.2","","Male"
"55","Wisconsin","55033","Dunn","2018","4.2","","Female"
"55","Wisconsin","55035","Eau Claire","2018","2.7","","Male"
"55","Wisconsin","55035","Eau Claire","2018","4.4","","Female"
"55","Wisconsin","55037","Florence","2018","Suppressed","Unstable","Male"
"55","Wisconsin","55037","Florence","2018","4.5","Unstable","Female"
"55","Wisconsin","55039","Fond du Lac","2018","1.6","","Male"
"55","Wisconsin","55039","Fond du Lac","2018","2.3","","Female"
"55","Wisconsin","55041","Forest","2018","1.9","","Male"
"55","Wisconsin","55041","Forest","2018","3.0","","Female"
"55","Wisconsin","55043","Grant","2018","2.3","","Male"
"55","Wisconsin","55043","Grant","2018","2.7","","Female"
"55","Wisconsin","55045","Green","2018","2.8","","Male"
"55","Wisconsin","55045","Green","2018","5.0","","Female"
"55","Wisconsin","55047","Green Lake","2018","1.3","","Male"
"55","Wisconsin","55047","Green Lake","2018","2.4","","Female"
"55","Wisconsin","55049","Iowa","2018","2.7","","Male"
"55","Wisconsin","55049","Iowa","2018","4.4","","Female"
"55","Wisconsin","55051","Iron","2018","Suppressed","Unstable","Male"
"55","Wisconsin","55051","Iron","2018","2.9","Unstable","Female"
"55","Wisconsin","55053","Jackson","2018","2.0","","Male"
"55","Wisconsin","55053","Jackson","2018","3.3","","Female"
"55","Wisconsin","55055","Jefferson","2018","2.7","","Male"
"55","Wisconsin","55055","Jefferson","2018","4.2","","Female"
"55","Wisconsin","55057","Juneau","2018","1.2","","Male"
"55","Wisconsin","55057","Juneau","2018","3.3","","Female"
"55","Wisconsin","55059","Kenosha","2018","3.7","","Male"
"55","Wisconsin","55059","Kenosha","2018","6.0","","Female"
"55","Wisconsin","55061","Kewaunee","2018","2.3","","Male"
"55","Wisconsin","55061","Kewaunee","2018","4.1","","Female"
"55","Wisconsin","55063","La Crosse","2018","1.1","","Male"
"55","Wisconsin","55063","La Crosse","2018","1.8","","Female"
"55","Wisconsin","55065","Lafayette","2018","2.4","","Male"
"55","Wisconsin","55065","Lafayette","2018","2.2","Unstable","Female"
"55","Wisconsin","55067","Langlade","2018","2.2","","Male"
"55","Wisconsin","55067","Langlade","2018","4.6","","Female"
"55","Wisconsin","55069","Lincoln","2018","1.6","","Male"
"55","Wisconsin","55069","Lincoln","2018","5.1","","Female"
"55","Wisconsin","55071","Manitowoc","2018","2.2","","Male"
"55","Wisconsin","55071","Manitowoc","2018","3.8","","Female"
"55","Wisconsin","55073","Marathon","2018","1.9","","Male"
"55","Wisconsin","55073","Marathon","2018","4.1","","Female"
"55","Wisconsin","55075","Marinette","2018","2.4","Unstable","Male"
"55","Wisconsin","55075","Marinette","2018","2.3","Unstable","Female"
"55","Wisconsin","55077","Marquette","2018","0.4","Unstable","Male"
"55","Wisconsin","55077","Marquette","2018","4.0","","Female"
"55","Wisconsin","55078","Menominee","2018","3.0","","Male"
"55","Wisconsin","55078","Menominee","2018","3.3","","Female"
"55","Wisconsin","55079","Milwaukee","2018","3.7","","Male"
"55","Wisconsin","55079","Milwaukee","2018","6.5","","Female"
"55","Wisconsin","55081","Monroe","2018","1.0","Unstable","Male"
"55","Wisconsin","55081","Monroe","2018","2.0","","Female"
"55","Wisconsin","55083","Oconto","2018","2.4","","Male"
"55","Wisconsin","55083","Oconto","2018","4.1","","Female"
"55","Wisconsin","55085","Oneida","2018","0.5","Unstable","Male"
"55","Wisconsin","55085","Oneida","2018","3.9","","Female"
"55","Wisconsin","55087","Outagamie","2018","1.8","","Male"
"55","Wisconsin","55087","Outagamie","2018","3.0","","Female"
"55","Wisconsin","55089","Ozaukee","2018","3.5","","Male"
"55","Wisconsin","55089","Ozaukee","2018","6.0","","Female"
"55","Wisconsin","55091","Pepin","2018","3.8","","Male"
"55","Wisconsin","55091","Pepin","2018","4.7","","Female"
"55","Wisconsin","55093","Pierce","2018","1.3","Unstable","Male"
"55","Wisconsin","55093","Pierce","2018","3.9","","Female"
"55","Wisconsin","55095","Polk","2018","0.9","Unstable","Male"
"55","Wisconsin","55095","Polk","2018","3.8","","Female"
"55","Wisconsin","55097","Portage","2018","2.2","","Male"
"55","Wisconsin","55097","Portage","2018","3.9","","Female"
"55","Wisconsin","55099","Price","2018","1.4","Unstable","Male"
"55","Wisconsin","55099","Price","2018","4.2","","Female"
"55","Wisconsin","55101","Racine","2018","3.9","","Male"
"55","Wisconsin","55101","Racine","2018","6.5","","Female"
"55","Wisconsin","55103","Richland","2018","2.0","","Male"
"55","Wisconsin","55103","Richland","2018","2.0","","Female"
"55","Wisconsin","55105","Rock","2018","3.1","","Male"
"55","Wisconsin","55105","Rock","2018","4.8","","Female"
"55","Wisconsin","55107","Rusk","2018","1.5","","Male"
"55","Wisconsin","55107","Rusk","2018","3.1","","Female"
"55","Wisconsin","55111","Sauk","2018","2.4","","Male"
"55","Wisconsin","55111","Sauk","2018","4.6","","Female"
"55","Wisconsin","55113","Sawyer","2018","1.8","","Male"
"55","Wisconsin","55113","Sawyer","2018","3.7","","Female"
"55","Wisconsin","55115","Shawano","2018","2.3","","Male"
"55","Wisconsin","55115","Shawano","2018","3.5","","Female"
"55","Wisconsin","55117","Sheboygan","2018","1.6","","Male"
"55","Wisconsin","55117","Sheboygan","2018","2.7","","Female"
"55","Wisconsin","55109","St. Croix","2018","1.2","","Male"
"55","Wisconsin","55109","St. Croix","2018","4.0","","Female"
"55","Wisconsin","55119","Taylor","2018","1.5","","Male"
"55","Wisconsin","55119","Taylor","2018","4.9","","Female"
"55","Wisconsin","55121","Trempealeau","2018","2.7","","Male"
"55","Wisconsin","55121","Trempealeau","2018","2.9","","Female"
"55","Wisconsin","55123","Vernon","2018","1.3","","Male"
"55","Wisconsin","55123","Vernon","2018","2.0","","Female"
"55","Wisconsin","55125","Vilas","2018","Suppressed","Unstable","Male"
"55","Wisconsin","55125","Vilas","2018","2.1","Unstable","Female"
"55","Wisconsin","55127","Walworth","2018","2.8","","Male"
"55","Wisconsin","55127","Walworth","2018","4.6","","Female"
"55","Wisconsin","55129","Washburn","2018","1.8","","Male"
"55","Wisconsin","55129","Washburn","2018","3.3","","Female"
"55","Wisconsin","55131","Washington","2018","3.4","","Male"
"55","Wisconsin","55131","Washington","2018","5.6","","Female"
"55","Wisconsin","55133","Waukesha","2018","3.6","","Male"
"55","Wisconsin","55133","Waukesha","2018","6.0","","Female"
"55","Wisconsin","55135","Waupaca","2018","1.8","","Male"
"55","Wisconsin","55135","Waupaca","2018","2.8","","Female"
"55","Wisconsin","55137","Waushara","2018","1.8","","Male"
"55","Wisconsin","55137","Waushara","2018","2.5","","Female"
"55","Wisconsin","55139","Winnebago","2018","1.2","","Male"
"55","Wisconsin","55139","Winnebago","2018","1.8","","Female"
"55","Wisconsin","55141","Wood","2018","2.1","","Male"
"55","Wisconsin","55141","Wood","2018","4.0","","Female"
